{
	"era": "steam",
	"name": "Draco Trainwork's 4-2-2 'Blitzen Draco'",
	"works": "Draco Trainworks",
	"modeler": "Stephanie Night",
    "pack": "Draco Trainworks - Pack",
	"model": "immersiverailroading:models/rolling_stock/locomotives/dt-4-2-2/4-2-2.obj",
	
	"darken_model": "-0.05",
	"model_gauge_m": 1.435,
	"properties": {
		"max_psi": 60,
		"water_capacity_l": 7000, 
		"horsepower": 950,
		"tractive_effort_lbf": 	1512,
		"max_speed_kmh": 90,
		"valve_gear": "STEPHENSON",
		"weight_kg": 21000
	},
	"firebox": {
		"slots": 9,
		"width": 8
	},
	"passenger": {
		"slots": 2,
		"center_x": -4.0,
		"center_y": 1.6,
		"length": 0.5,
		"width": 1.7,
		"should_sit": false
	},
	"trucks": {
		"front": 1,
		"rear": -1.5
	},
	"couplers": {
        "front_offset": -0.0,
        "rear_offset": -0.0
	}	
}