{
	"era": "steam",
	"name": "2-4-0 'Gothic Prinsses'",
	"works": "Goth Trainworks",
	"modeler": "Stephanie Night",
    "pack": "Gothic Prinsses",
	"model": "immersiverailroading:models/rolling_stock/locomotives/gp-2-4-0/2-4-0.obj",
	
	"darken_model": "-0.05",
	"model_gauge_m": 1.435,
	"properties": {
		"max_psi": 60,
		"water_capacity_l": 6000, 
		"horsepower": 950,
		"tractive_effort_lbf": 	2512,
		"max_speed_kmh": 60,
		"valve_gear": "STEPHENSON",
		"weight_kg": 19000
	},
	"firebox": {
		"slots": 9,
		"width": 8
	},
	"passenger": {
		"slots": 2,
		"center_x": -4.0,
		"center_y": 1.6,
		"length": 0.8,
		"width": 1.7,
		"should_sit": false
	},
	"trucks": {
		"front": 1,
		"rear": -0.5
	},
	"couplers": {
        "front_offset": -0.0,
        "rear_offset": -0.0
	}	
}