{
	"era": "steam",
	"name": "Seelowe Railway's 4-8-2 'Mountain'",
	"works": "Seelowe Railway co",
	"modeler": "Stephanie Night",
    "pack": "Seelowe Railway co - Pack",
	"model": "immersiverailroading:models/rolling_stock/locomotives/sl-4-8-2/4-8-2.obj",
	
	"darken_model": "-0.05",
	"model_gauge_m": 1.435,
	"properties": {
		"max_psi": 200,
		"water_capacity_l": 15000, 
		"horsepower": 2950,
		"tractive_effort_lbf": 	4512,
		"max_speed_kmh": 70,
		"valve_gear": "STEPHENSON",
		"weight_kg": 61000
	},
	"firebox": {
		"slots": 9,
		"width": 8
	},
	"passenger": {
		"slots": 2,
		"center_x": -6.5,
		"center_y": 1.8,
		"length": 0.8,
		"width": 2.0,
		"should_sit": false
	},
	"trucks": {
		"front": 4,
		"rear": -4.5
	},
	"couplers": {
        "front_offset": -0.0,
        "rear_offset": -0.1
	}	
}