{
    "name": "Gothic Prinsses's - Passenger Coach",
    "works": "Goth Trainworks",
    "modeler": "Stephanie Night",
    "pack": "Gothic Prinsses",
    "model": "immersiverailroading:models/rolling_stock/passenger/gp-light-passengercoach/light-passengercoach.obj",
    "darken_model": "-0.05",
    "model_gauge_m": 1.435,
    "properties": {
        "weight_kg": 12000
    },
    "passenger": {
        "slots": 20,
        "center_x": 0,
        "center_y": 1.6,
        "length": 5,
        "width": 2,
        "should_sit": false
    },
    "freight": {
        "slots": 0,
        "width": 0,
        "cargo": ["Any"],
        "show_current_load": true
    },
	"trucks": {
		"front": 3, 
		"rear": -3	
	},
    "couplers": {
        "front_offset": -0,
        "rear_offset": -0    
    }
}