{
	"name": "Seelowe Railway's Tender type 2",
	"works": "Seelowe Railway co",
	"modeler": "Stephanie Night",
    "pack": "Seelowe Railway co - Pack",
	"model": "immersiverailroading:models/rolling_stock/tender/sl-tender-type2/tender.obj",
	"darken_model": "-0.05",
	"model_gauge_m": 1.435,
	"properties": {
		"weight_kg": 25000
	},
	"passenger": {
		"slots": 2,
		"center_x": 0,
		"center_y": 3.5,
		"length": 5.5,
		"width": 2,
		"should_sit": false
	},
	"tank": {
		"capacity_l":  32000
	},
	"tender": {
		"slots": 18,
		"width": 8,
		"show_current_load": true
	},
	"trucks": {
		"front": 3.5,
		"rear": -3.5
	},
	"couplers": {
        "front_offset": -0,
        "rear_offset": -0
	}
}