{
	"name": "Draco Trainwork's Tender type 1",
	"works": "Draco Trainworks",
	"modeler": "Stephanie Night",
    "pack": "Draco Trainworks - Pack",
	"model": "immersiverailroading:models/rolling_stock/tender/dt-tender-type1/tender.obj",
	"darken_model": "-0.05",
	"model_gauge_m": 1.435,
	"properties": {
		"weight_kg": 4000
	},
	"passenger": {
		"slots": 2,
		"center_x": 0,
		"center_y": 1.6,
		"length": 2,
		"width": 2,
		"should_sit": false
	},
	"tank": {
		"capacity_l":  11000
	},
	"tender": {
		"slots": 12,
		"width": 8,
		"show_current_load": true
	},
	"trucks": {
		"front": 1,
		"rear": -1
	},
	"couplers": {
        "front_offset": -0,
        "rear_offset": -0
	}
}