{
	"name": "Gothic Prinsses's - Light Tender",
	"works": "Goth  Railworks",
	"modeler": "Stephanie Night",
    "pack": "Gothic Prinsses",
	"model": "immersiverailroading:models/rolling_stock/tender/gp-light-tender/light-tender.obj",
	"darken_model": "-0.05",
	"model_gauge_m": 1.435,
	"properties": {
		"weight_kg": 4000
	},
	"passenger": {
		"slots": 2,
		"center_x": 0,
		"center_y": 1.6,
		"length": 2,
		"width": 2,
		"should_sit": false
	},
	"tank": {
		"capacity_l":  9000
	},
	"tender": {
		"slots": 9,
		"width": 8,
		"show_current_load": true
	},
	"trucks": {
		"front": 1,
		"rear": -1
	},
	"couplers": {
        "front_offset": -0,
        "rear_offset": -0
	}
}